nodes,time,speedup
1,2062,1
2,1263,1.632620744
4,750,2.749333333
8,390,5.287179487
16,183,11.26775956