nodes,time,speedup
1,2970,1
2,1503,1.976047904
4,776,3.827319588
8,423,7.021276596
16,247,12.0242915