{
  "energy_var": {
    "1.00e-05": -2099.8937609112136, 
    "1.00e-04": -2099.844568520595, 
    "3.00e-05": -2099.875327432131, 
    "3.00e-04": -2099.8022166591068, 
    "5.00e-05": -2099.863816171976, 
    "3.00e-06": -2099.9063217326075, 
    "2.00e-04": -2099.8199068579565, 
    "2.00e-05": -2099.8830270183703, 
    "7.00e-05": -2099.8550163559676, 
    "5.00e-06": -2099.90178067718, 
    "7.00e-06": -2099.898165495361
  }, 
  "config": {
    "pt_sto_mem_usage": 0.5, 
    "eps_vars_schedule": [
      0.005, 
      0.002, 
      0.001, 
      0.0007, 
      0.0005, 
      0.0002, 
      0.0001
    ], 
    "n_up": 14, 
    "time_sym": true, 
    "system": "chem", 
    "eps_vars": [
      0.0003, 
      0.0002, 
      0.0001, 
      7e-05, 
      5e-05, 
      3e-05, 
      2e-05, 
      1e-05, 
      7e-06, 
      5e-06, 
      3e-06
    ], 
    "chem": {
      "irreps": [
        1, 
        2, 
        3, 
        4, 
        5, 
        6, 
        7, 
        8, 
        9, 
        10
      ], 
      "point_group": "dih", 
      "irrep_occs_dn": [
        4, 
        2, 
        1, 
        2, 
        1, 
        2, 
        1, 
        0, 
        1, 
        0
      ], 
      "irrep_occs_up": [
        4, 
        2, 
        1, 
        2, 
        1, 
        2, 
        1, 
        0, 
        1, 
        0
      ]
    }, 
    "n_dn": 14
  }, 
  "n_elecs": 28, 
  "energy_hf": -2098.5226334031113, 
  "energy_total": {
    "extrapolated": {
      "uncert": 0.0004088472255716624, 
      "value": -2099.9223764213302
    }, 
    "1.00e-05": {
      "1.00e-11": {
        "uncert": 1.057092990952232e-06, 
        "value": -2099.916595163277
      }
    }, 
    "1.00e-04": {
      "1.00e-10": {
        "uncert": 8.606927442561099e-06, 
        "value": -2099.9054378347855
      }
    }, 
    "3.00e-05": {
      "3.00e-11": {
        "uncert": 6.858050956729167e-06, 
        "value": -2099.91235644833
      }
    }, 
    "3.00e-04": {
      "3.00e-10": {
        "uncert": 1.912949554972236e-05, 
        "value": -2099.896582439657
      }
    }, 
    "5.00e-05": {
      "5.00e-11": {
        "uncert": 7.124973317560784e-06, 
        "value": -2099.909741297034
      }
    }, 
    "3.00e-06": {
      "3.00e-12": {
        "uncert": 6.195899796233245e-06, 
        "value": -2099.9192055895237
      }
    }, 
    "2.00e-04": {
      "2.00e-10": {
        "uncert": 1.1922937964314754e-05, 
        "value": -2099.9000959232285
      }
    }, 
    "2.00e-05": {
      "2.00e-11": {
        "uncert": 8.004439618275597e-06, 
        "value": -2099.9141318281436
      }
    }, 
    "7.00e-05": {
      "7.00e-11": {
        "uncert": 7.509896036384897e-06, 
        "value": -2099.907767161431
      }
    }, 
    "5.00e-06": {
      "5.00e-12": {
        "uncert": 2.9994528071569555e-06, 
        "value": -2099.918306169139
      }
    }, 
    "7.00e-06": {
      "7.00e-12": {
        "uncert": 1.0890375886647896e-06, 
        "value": -2099.9175405731276
      }
    }
  }
}