log_eps_pt,log_n_dets
-6,1.934498451
-7.096910013,3.568401219
-7,3.412830003
-6.698970004,2.921790486
-6.397940009,2.42553422
-6.22184875,2.14113609
-7.522878745,5.25430875